N,TotEdge,A,G,E,t_mean,t_sd,edge_mean,edge_sd
6,110,0,0,0.1,44.6,17.78349323330339,55.95,8.48202433633064
6,110,0,0,0.3,44.4,13.593342023520966,56.6,7.829767758873486
6,110,0,0,0.5,54.55,36.76021161384598,58.2,11.537581612872092
6,110,0,0,0.7,44.8,16.314668891909257,56.4,9.538840269351958
6,110,0,0,1,39.65,13.095901327474461,55.85,8.731521842394402
6,110,0,0.3,0.1,44.6,17.78349323330339,55.95,8.48202433633064
6,110,0,0.3,0.3,44.4,13.593342023520966,56.6,7.829767758873486
6,110,0,0.3,0.5,54.55,36.76021161384598,58.2,11.537581612872092
6,110,0,0.3,0.7,44.8,16.314668891909257,56.4,9.538840269351958
6,110,0,0.3,1,39.65,13.095901327474461,55.85,8.731521842394402
6,110,0,0.5,0.1,44.6,17.78349323330339,55.95,8.48202433633064
6,110,0,0.5,0.3,44.4,13.593342023520966,56.6,7.829767758873486
6,110,0,0.5,0.5,54.55,36.76021161384598,58.2,11.537581612872092
6,110,0,0.5,0.7,44.8,16.314668891909257,56.4,9.538840269351958
6,110,0,0.5,1,39.65,13.095901327474461,55.85,8.731521842394402
6,110,0,0.7,0.1,44.6,17.78349323330339,55.95,8.48202433633064
6,110,0,0.7,0.3,44.4,13.593342023520966,56.6,7.829767758873486
6,110,0,0.7,0.5,54.55,36.76021161384598,58.2,11.537581612872092
6,110,0,0.7,0.7,44.8,16.314668891909257,56.4,9.538840269351958
6,110,0,0.7,1,39.65,13.095901327474461,55.85,8.731521842394402
6,110,0,1,0.1,44.6,17.78349323330339,55.95,8.48202433633064
6,110,0,1,0.3,44.4,13.593342023520966,56.6,7.829767758873486
6,110,0,1,0.5,54.55,36.76021161384598,58.2,11.537581612872092
6,110,0,1,0.7,44.8,16.314668891909257,56.4,9.538840269351958
6,110,0,1,1,39.65,13.095901327474461,55.85,8.731521842394402
6,110,0.3,0,0.1,58.75,25.96936454241501,58.7,8.297748584944435
6,110,0.3,0,0.3,47.5,18.5458180844376,56.35,7.9490151657462045
6,110,0.3,0,0.5,47.45,15.449322928444742,56.2,8.605995462161065
6,110,0.3,0,0.7,44.8,18.594283218802833,54.75,9.340770846134703
6,110,0.3,0,1,39.65,13.095901327474461,55.85,8.731521842394402
6,110,0.3,0.3,0.1,79.2,57.085900185597495,53.15,8.279810575000779
6,110,0.3,0.3,0.3,57.1,20.58589194978981,55.1,6.163560146880252
6,110,0.3,0.3,0.5,52.15,25.872714747800483,54.75,9.667498451812106
6,110,0.3,0.3,0.7,39.05,11.128318547031736,51.25,6.695442283256653
6,110,0.3,0.3,1,39.65,13.095901327474461,55.85,8.731521842394402
6,110,0.3,0.5,0.1,76.55,45.24026501853596,52.75,6.812334015360822
6,110,0.3,0.5,0.3,61.85,32.37490093461779,55.6,7.250408336958104
6,110,0.3,0.5,0.5,52.85,28.124301160908402,54.7,9.608658376145636
6,110,0.3,0.5,0.7,39.05,11.128318547031736,51.25,6.695442283256653
6,110,0.3,0.5,1,39.65,13.095901327474461,55.85,8.731521842394402
6,110,0.3,0.7,0.1,109.2,112.70109512380641,55.05,9.461695630833107
6,110,0.3,0.7,0.3,68,45.74644075887504,56.45,8.331771783518292
6,110,0.3,0.7,0.5,51,22.72026686277671,54.65,9.337389469507157
6,110,0.3,0.7,0.7,39.05,11.128318547031736,51.25,6.695442283256653
6,110,0.3,0.7,1,39.65,13.095901327474461,55.85,8.731521842394402
6,110,0.3,1,0.1,93.65,77.13711305543082,52.65,6.401274544141478
6,110,0.3,1,0.3,63.45,40.021671760763766,55.65,7.176533395654713
6,110,0.3,1,0.5,53.8,31.696919989836633,54.7,9.712173587280743
6,110,0.3,1,0.7,39.05,11.128318547031736,51.3,6.759788224649147
6,110,0.3,1,1,39.65,13.095901327474461,55.85,8.731521842394402
6,110,0.5,0,0.1,58.75,25.96936454241501,58.7,8.297748584944435
6,110,0.5,0,0.3,47.5,18.5458180844376,56.35,7.9490151657462045
6,110,0.5,0,0.5,47.45,15.449322928444742,56.2,8.605995462161065
6,110,0.5,0,0.7,44.8,18.594283218802833,54.75,9.340770846134703
6,110,0.5,0,1,39.65,13.095901327474461,55.85,8.731521842394402
6,110,0.5,0.3,0.1,68.6,27.723066588179446,53,6.155870112510924
6,110,0.5,0.3,0.3,61.85,32.46905409284678,55.8,7.367067544859781
6,110,0.5,0.3,0.5,48.25,19.64654784193048,54,8.669365301845465
6,110,0.5,0.3,0.7,39.05,11.128318547031736,51.25,6.695442283256653
6,110,0.5,0.3,1,39.65,13.095901327474461,55.85,8.731521842394402
6,110,0.5,0.5,0.1,66.6,27.79322143787468,52.35,6.02865962234602
6,110,0.5,0.5,0.3,60.1,27.435858211280244,55.75,7.489466286936466
6,110,0.5,0.5,0.5,54.05,34.030133705291256,54.7,9.852063636352378
6,110,0.5,0.5,0.7,39.05,11.128318547031736,51.25,6.695442283256653
6,110,0.5,0.5,1,39.65,13.095901327474461,55.85,8.731521842394402
6,110,0.5,0.7,0.1,69.85,42.56669689100302,53.05,6.9696711392628625
6,110,0.5,0.7,0.3,59.75,27.49138621076561,56.2,7.964394449508916
6,110,0.5,0.7,0.5,47.8,19.283480795202596,53.85,8.591764722839631
6,110,0.5,0.7,0.7,39.05,11.128318547031736,51.25,6.695442283256653
6,110,0.5,0.7,1,39.65,13.095901327474461,55.85,8.731521842394402
6,110,0.5,1,0.1,81.2,58.56674105577957,53.25,7.966211540989197
6,110,0.5,1,0.3,61.75,26.55852524440871,56.55,8.306465458969454
6,110,0.5,1,0.5,50.45,24.232372866412447,54.55,9.654423583872944
6,110,0.5,1,0.7,39.05,11.128318547031736,51.3,6.720745572675072
6,110,0.5,1,1,39.65,13.095901327474461,55.85,8.731521842394402
6,110,0.7,0,0.1,58.75,25.96936454241501,58.7,8.297748584944435
6,110,0.7,0,0.3,47.5,18.5458180844376,56.35,7.9490151657462045
6,110,0.7,0,0.5,47.45,15.449322928444742,56.2,8.605995462161065
6,110,0.7,0,0.7,44.8,18.594283218802833,54.75,9.340770846134703
6,110,0.7,0,1,39.65,13.095901327474461,55.85,8.731521842394402
6,110,0.7,0.3,0.1,75.65,39.244543703887246,53.95,8.009698069084424
6,110,0.7,0.3,0.3,56.15,21.529111258455316,55.5,7.1340547265987
6,110,0.7,0.3,0.5,49.65,21.827734651126764,54.6,8.940740579239684
6,110,0.7,0.3,0.7,39.05,11.128318547031736,51.3,6.744198286402602
6,110,0.7,0.3,1,39.65,13.095901327474461,55.85,8.731521842394402
6,110,0.7,0.5,0.1,64.75,33.38432503278652,51.5,6.9395889458124325
6,110,0.7,0.5,0.3,56.45,25.446486677153022,55.85,6.603627392338404
6,110,0.7,0.5,0.5,51.3,27.41705193564956,54.85,9.598656704264185
6,110,0.7,0.5,0.7,39,11.126071799346368,51.35,6.768930569346356
6,110,0.7,0.5,1,39.65,13.095901327474461,55.85,8.731521842394402
6,110,0.7,0.7,0.1,69.65,44.88614251050856,52.15,8.241582627780074
6,110,0.7,0.7,0.3,54.05,24.431375427166557,54.65,7.336103942327397
6,110,0.7,0.7,0.5,48.5,19.60263140230762,54.25,8.842927593339924
6,110,0.7,0.7,0.7,39.05,11.128318547031736,51.35,6.768930569346356
6,110,0.7,0.7,1,39.65,13.095901327474461,55.85,8.731521842394402
6,110,0.7,1,0.1,95.3,101.40647752589834,53.35,7.659016014853963
6,110,0.7,1,0.3,56.9,25.560866470776027,55.65,7.005824644349045
6,110,0.7,1,0.5,52.35,24.6923704389582,55.6,9.258850673246313
6,110,0.7,1,0.7,38.05,10.435138008821824,50.85,6.072153870874728
6,110,0.7,1,1,39.65,13.095901327474461,55.85,8.731521842394402
6,110,1,0,0.1,49.85,27.996757331030885,55.15,9.582192914601103
6,110,1,0,0.3,48.65,17.11347576127009,57.7,9.274186019041752
6,110,1,0,0.5,51.75,13.114375398975856,59.2,8.888786549118473
6,110,1,0,0.7,41.6,12.76673308580588,53.75,8.226241707583053
6,110,1,0,1,39.65,13.095901327474461,55.85,8.731521842394402
6,110,1,0.3,0.1,67.75,44.93723693283661,55.8,9.955691310686777
6,110,1,0.3,0.3,51.75,19.46352864637913,56.6,7.014271166700073
6,110,1,0.3,0.5,51.55,24.743898769510626,56.4,9.890984730923835
6,110,1,0.3,0.7,40.45,17.09254993141441,51.65,7.610761079585032
6,110,1,0.3,1,39.65,13.095901327474461,55.85,8.731521842394402
6,110,1,0.5,0.1,67.45,44.24747985687107,55.3,9.313826733467433
6,110,1,0.5,0.3,51.65,23.229461783193386,56.4,6.459590992429295
6,110,1,0.5,0.5,52.45,23.216316857353853,57.1,9.216118603038003
6,110,1,0.5,0.7,44.05,27.59381128174634,52.25,9.037203806022024
6,110,1,0.5,1,39.65,13.095901327474461,55.85,8.731521842394402
6,110,1,0.7,0.1,65.3,44.130309431572265,55.2,9.237224463521155
6,110,1,0.7,0.3,57.65,28.372104535784327,57.7,7.8679897787106166
6,110,1,0.7,0.5,51.55,20.623121924062247,57.5,9.621795433723431
6,110,1,0.7,0.7,42.2,21.967919193319393,52,8.41051972860555
6,110,1,0.7,1,39.65,13.095901327474461,55.85,8.731521842394402
6,110,1,1,0.1,54.15,19.47542310870698,53.95,6.311851842701199
6,110,1,1,0.3,54.1,29.242902872680965,56.15,8.880937598676107
6,110,1,1,0.5,49.65,15.536967800090615,55.85,8.511756575466665
6,110,1,1,0.7,39.85,12.950411495189519,52.8,7.878017383500549
6,110,1,1,1,39.65,13.095901327474461,55.85,8.731521842394402
8,210,0,0,0.1,44.95,17.141746517907986,109.45,16.03442021337059
8,210,0,0,0.3,48,11.069160572937484,114.6,10.60486482208693
8,210,0,0,0.5,47.8,12.849738887373713,112.25,13.368757766169837
8,210,0,0,0.7,49.5,20.441186493527177,112.75,16.16648580112248
8,210,0,0,1,52.95,17.258026355415343,116.8,15.750020885533353
8,210,0,0.3,0.1,44.95,17.141746517907986,109.45,16.03442021337059
8,210,0,0.3,0.3,48,11.069160572937484,114.6,10.60486482208693
8,210,0,0.3,0.5,47.8,12.849738887373713,112.25,13.368757766169837
8,210,0,0.3,0.7,49.5,20.441186493527177,112.75,16.16648580112248
8,210,0,0.3,1,52.95,17.258026355415343,116.8,15.750020885533353
8,210,0,0.5,0.1,44.95,17.141746517907986,109.45,16.03442021337059
8,210,0,0.5,0.3,48,11.069160572937484,114.6,10.60486482208693
8,210,0,0.5,0.5,47.8,12.849738887373713,112.25,13.368757766169837
8,210,0,0.5,0.7,49.5,20.441186493527177,112.75,16.16648580112248
8,210,0,0.5,1,52.95,17.258026355415343,116.8,15.750020885533353
8,210,0,0.7,0.1,44.95,17.141746517907986,109.45,16.03442021337059
8,210,0,0.7,0.3,48,11.069160572937484,114.6,10.60486482208693
8,210,0,0.7,0.5,47.8,12.849738887373713,112.25,13.368757766169837
8,210,0,0.7,0.7,49.5,20.441186493527177,112.75,16.16648580112248
8,210,0,0.7,1,52.95,17.258026355415343,116.8,15.750020885533353
8,210,0,1,0.1,44.95,17.141746517907986,109.45,16.03442021337059
8,210,0,1,0.3,48,11.069160572937484,114.6,10.60486482208693
8,210,0,1,0.5,47.8,12.849738887373713,112.25,13.368757766169837
8,210,0,1,0.7,49.5,20.441186493527177,112.75,16.16648580112248
8,210,0,1,1,52.95,17.258026355415343,116.8,15.750020885533353
8,210,0.3,0,0.1,47.4,15.662224080822453,103.25,16.392793667051578
8,210,0.3,0,0.3,55.85,25.778969396736844,110.85,15.665164168340294
8,210,0.3,0,0.5,51.5,15.79306976593148,110.3,15.005612984901068
8,210,0.3,0,0.7,50.05,27.009696114738617,109.65,18.87430723719974
8,210,0.3,0,1,52.95,17.258026355415343,116.8,15.750020885533353
8,210,0.3,0.3,0.1,82.55,47.68700032503617,102.25,14.00328908732366
8,210,0.3,0.3,0.3,74.05,53.26643556588649,108.1,18.951183826374876
8,210,0.3,0.3,0.5,64.05,29.097793369040346,111.85,14.928866421519718
8,210,0.3,0.3,0.7,51.6,19.874342094374107,113.2,16.819787845210616
8,210,0.3,0.3,1,52.95,17.258026355415343,116.8,15.750020885533353
8,210,0.3,0.5,0.1,92.8,58.12291875164672,105.25,16.351001900736687
8,210,0.3,0.5,0.3,66.05,31.551920452018866,107.3,16.467192263790192
8,210,0.3,0.5,0.5,66.65,30.305940011819466,113.3,16.02333824210962
8,210,0.3,0.5,0.7,50,17.417474588832665,112.3,15.583729706939458
8,210,0.3,0.5,1,52.95,17.258026355415343,116.8,15.750020885533353
8,210,0.3,0.7,0.1,89.1,51.096297115812305,104.3,15.881468843642232
8,210,0.3,0.7,0.3,69.9,37.82772583840143,108.7,18.68323199809757
8,210,0.3,0.7,0.5,63.1,26.01396386153932,111.85,14.26174492904191
8,210,0.3,0.7,0.7,50,17.417474588832665,112.3,15.644403741308029
8,210,0.3,0.7,1,52.95,17.258026355415343,116.8,15.750020885533353
8,210,0.3,1,0.1,102.45,72.07413946033188,105.15,16.968314123993764
8,210,0.3,1,0.3,60.2,22.451350914694128,104.6,13.331403369093357
8,210,0.3,1,0.5,60.1,18.945628575089906,110.55,12.462469975680456
8,210,0.3,1,0.7,52.75,19.237778075005387,114.2,17.080613818626443
8,210,0.3,1,1,52.95,17.258026355415343,116.8,15.750020885533353
8,210,0.5,0,0.1,47.4,15.662224080822453,103.25,16.392793667051578
8,210,0.5,0,0.3,55.85,25.778969396736844,110.85,15.665164168340294
8,210,0.5,0,0.5,51.5,15.79306976593148,110.3,15.005612984901068
8,210,0.5,0,0.7,50.05,27.009696114738617,109.65,18.87430723719974
8,210,0.5,0,1,52.95,17.258026355415343,116.8,15.750020885533353
8,210,0.5,0.3,0.1,89.95,59.47708537084283,106.6,17.545129778584382
8,210,0.5,0.3,0.3,58.65,24.208034768820475,104.85,16.180804091658473
8,210,0.5,0.3,0.5,62.15,32.244583388450486,110.3,13.894716905886813
8,210,0.5,0.3,0.7,51.05,18.10052340039981,113.2,16.516658257650064
8,210,0.5,0.3,1,52.95,17.258026355415343,116.8,15.750020885533353
8,210,0.5,0.5,0.1,64.2,22.263021027325962,99.85,9.172470252135778
8,210,0.5,0.5,0.3,65.9,32.20967491134825,108.25,18.752894513423225
8,210,0.5,0.5,0.5,60,21.45742418445371,111.2,14.095912061378124
8,210,0.5,0.5,0.7,49.95,15.958746158372481,112.7,15.838327928760263
8,210,0.5,0.5,1,52.95,17.258026355415343,116.8,15.750020885533353
8,210,0.5,0.7,0.1,79.7,51.536497031868485,103,14.70409896307113
8,210,0.5,0.7,0.3,69,41.09168183208706,107.5,18.454781152005598
8,210,0.5,0.7,0.5,70,36.913839937716695,114.65,16.51243550527267
8,210,0.5,0.7,0.7,51.05,16.82565397180589,113.65,16.658410235642158
8,210,0.5,0.7,1,52.95,17.258026355415343,116.8,15.750020885533353
8,210,0.5,1,0.1,60.4,22.06545287380968,96.85,8.151686941977102
8,210,0.5,1,0.3,61.5,26.713883636554392,106,16.482845947418056
8,210,0.5,1,0.5,63.75,26.179290730611758,113.2,14.620101518835382
8,210,0.5,1,0.7,51.55,16.900560563733414,113.95,16.356151265212922
8,210,0.5,1,1,52.95,17.258026355415343,116.8,15.750020885533353
8,210,0.7,0,0.1,47.4,15.662224080822453,103.25,16.392793667051578
8,210,0.7,0,0.3,55.85,25.778969396736844,110.85,15.665164168340294
8,210,0.7,0,0.5,51.5,15.79306976593148,110.3,15.005612984901068
8,210,0.7,0,0.7,50.05,27.009696114738617,109.65,18.87430723719974
8,210,0.7,0,1,52.95,17.258026355415343,116.8,15.750020885533353
8,210,0.7,0.3,0.1,88.35,64.40110737851444,106.3,17.103708431368418
8,210,0.7,0.3,0.3,58.8,24.915858403835898,104.7,15.607353192780977
8,210,0.7,0.3,0.5,63.85,24.908833774386146,114.15,15.235951251113788
8,210,0.7,0.3,0.7,51.4,17.288268002501457,113.4,16.158426187042636
8,210,0.7,0.3,1,52.95,17.258026355415343,116.8,15.750020885533353
8,210,0.7,0.5,0.1,80.9,35.873901963757206,105.45,13.597503640858417
8,210,0.7,0.5,0.3,56.6,22.46260049621663,104.4,14.791178025039827
8,210,0.7,0.5,0.5,59.75,21.125875877202045,112.15,14.708661966409633
8,210,0.7,0.5,0.7,51.7,18.29034833198272,113.75,17.032090454878343
8,210,0.7,0.5,1,52.95,17.258026355415343,116.8,15.750020885533353
8,210,0.7,0.7,0.1,72.4,43.94062980168151,101.1,13.626213128031072
8,210,0.7,0.7,0.3,55.9,25.393534195683916,103.5,16.598985384338217
8,210,0.7,0.7,0.5,62.8,25.76125201272558,112.85,13.857450969367385
8,210,0.7,0.7,0.7,51.3,17.20189708020295,113.3,16.51187770252547
8,210,0.7,0.7,1,52.95,17.258026355415343,116.8,15.750020885533353
8,210,0.7,1,0.1,84.55,84.77864366131739,101.65,15.560662277882512
8,210,0.7,1,0.3,60.5,23.736492003486507,107.6,15.22947281114035
8,210,0.7,1,0.5,63.75,38.48427566791677,112.55,14.865980237476863
8,210,0.7,1,0.7,52.4,19.784097814047257,112.65,17.30006084564901
8,210,0.7,1,1,52.95,17.258026355415343,116.8,15.750020885533353
8,210,1,0,0.1,47.55,14.091710889365906,107.35,15.958086549326316
8,210,1,0,0.3,51.95,14.594429362638769,115.4,13.884485851785117
8,210,1,0,0.5,57.25,28.580219512250444,118.15,16.063279471154733
8,210,1,0,0.7,44.8,15.17477130669607,107.45,15.829602515207817
8,210,1,0,1,52.95,17.258026355415343,116.8,15.750020885533353
8,210,1,0.3,0.1,58.85,19.015990501071517,109.85,10.732513317264655
8,210,1,0.3,0.3,63.6,22.486019048101397,115.2,14.133200926225193
8,210,1,0.3,0.5,51.15,14.626130185750648,109.7,12.48620291193022
8,210,1,0.3,0.7,51.35,24.72432213960896,111.85,17.81564953688337
8,210,1,0.3,1,52.95,17.258026355415343,116.8,15.750020885533353
8,210,1,0.5,0.1,61.9,21.57215554219935,110.9,11.942405646752205
8,210,1,0.5,0.3,58.95,20.737646925338467,111.9,14.352333388136248
8,210,1,0.5,0.5,50.7,16.296916078946058,109.2,12.116104984688768
8,210,1,0.5,0.7,51.5,22.469862857661266,112.1,17.672160681645433
8,210,1,0.5,1,52.95,17.258026355415343,116.8,15.750020885533353
8,210,1,0.7,0.1,58.7,17.293442627040367,109.65,10.358190250384373
8,210,1,0.7,0.3,59.25,24.780881849989882,111.55,17.043211335648543
8,210,1,0.7,0.5,53.3,20.079054286809217,110.7,13.322320012907504
8,210,1,0.7,0.7,50.65,23.58026605804992,111.25,17.274486815440916
8,210,1,0.7,1,52.95,17.258026355415343,116.8,15.750020885533353
8,210,1,1,0.1,68.6,57.07096229118714,108.65,17.085774322825593
8,210,1,1,0.3,53.55,19.324037390065037,107.15,12.136395892651075
8,210,1,1,0.5,62.15,27.616309063953306,115.7,17.70548532309453
8,210,1,1,0.7,59.7,22.471268204906508,119.35,17.269611277739013
8,210,1,1,1,52.95,17.258026355415343,116.8,15.750020885533353
10,342,0,0,0.1,51.55,16.099934619023834,190.35,22.434172711806376
10,342,0,0,0.3,52.65,18.451287217969373,191.65,26.244347762397986
10,342,0,0,0.5,51.4,15.935395887936489,192.75,27.051364397927763
10,342,0,0,0.7,52.85,12.75796964542886,194.1,21.520858914575243
10,342,0,0,1,46.5,10.128126547808389,187.25,17.035180316658014
10,342,0,0.3,0.1,51.55,16.099934619023834,190.35,22.434172711806376
10,342,0,0.3,0.3,52.65,18.451287217969373,191.65,26.244347762397986
10,342,0,0.3,0.5,51.4,15.935395887936489,192.75,27.051364397927763
10,342,0,0.3,0.7,52.85,12.75796964542886,194.1,21.520858914575243
10,342,0,0.3,1,46.5,10.128126547808389,187.25,17.035180316658014
10,342,0,0.5,0.1,51.55,16.099934619023834,190.35,22.434172711806376
10,342,0,0.5,0.3,52.65,18.451287217969373,191.65,26.244347762397986
10,342,0,0.5,0.5,51.4,15.935395887936489,192.75,27.051364397927763
10,342,0,0.5,0.7,52.85,12.75796964542886,194.1,21.520858914575243
10,342,0,0.5,1,46.5,10.128126547808389,187.25,17.035180316658014
10,342,0,0.7,0.1,51.55,16.099934619023834,190.35,22.434172711806376
10,342,0,0.7,0.3,52.65,18.451287217969373,191.65,26.244347762397986
10,342,0,0.7,0.5,51.4,15.935395887936489,192.75,27.051364397927763
10,342,0,0.7,0.7,52.85,12.75796964542886,194.1,21.520858914575243
10,342,0,0.7,1,46.5,10.128126547808389,187.25,17.035180316658014
10,342,0,1,0.1,51.55,16.099934619023834,190.35,22.434172711806376
10,342,0,1,0.3,52.65,18.451287217969373,191.65,26.244347762397986
10,342,0,1,0.5,51.4,15.935395887936489,192.75,27.051364397927763
10,342,0,1,0.7,52.85,12.75796964542886,194.1,21.520858914575243
10,342,0,1,1,46.5,10.128126547808389,187.25,17.035180316658014
10,342,0.3,0,0.1,57.6,17.4970674234585,182.45,20.153294101905395
10,342,0.3,0,0.3,53.3,21.6991389593907,178.25,27.322392975263657
10,342,0.3,0,0.5,50.95,14.117831203649406,182.1,21.70107928434121
10,342,0.3,0,0.7,54.05,16.194459741398894,189.3,23.131432249100722
10,342,0.3,0,1,46.5,10.128126547808389,187.25,17.035180316658014
10,342,0.3,0.3,0.1,87.1,40.09843152202235,172.85,21.902355076446387
10,342,0.3,0.3,0.3,64.9,18.59230174589812,178.6,15.822701878530168
10,342,0.3,0.3,0.5,53.35,21.386850362338365,174.7,25.80717974354791
10,342,0.3,0.3,0.7,51.9,21.165761826218553,181.3,25.53037406698147
10,342,0.3,0.3,1,46.5,10.128126547808389,187.25,17.035180316658014
10,342,0.3,0.5,0.1,84.55,39.08085410907414,171.5,19.988154386773026
10,342,0.3,0.5,0.3,63.8,26.090127190991332,176.25,17.99963449921312
10,342,0.3,0.5,0.5,57.4,36.83162256882843,174.6,27.650830386312663
10,342,0.3,0.5,0.7,51.9,21.165761826218553,181.35,25.56781488306611
10,342,0.3,0.5,1,46.5,10.128126547808389,187.25,17.035180316658014
10,342,0.3,0.7,0.1,98.6,52.23570063713735,176,23.54167637012686
10,342,0.3,0.7,0.3,63.8,23.67899357747506,178.2,18.850101214303166
10,342,0.3,0.7,0.5,49.3,13.883348602590537,171.35,21.48506213016016
10,342,0.3,0.7,0.7,51.9,21.165761826218553,181.35,25.584277655581655
10,342,0.3,0.7,1,46.5,10.128126547808389,187.25,17.035180316658014
10,342,0.3,1,0.1,92.25,40.508446162822835,173.3,19.857651316041224
10,342,0.3,1,0.3,64.6,25.10273627358286,177.8,19.980516825937684
10,342,0.3,1,0.5,48.75,14.47638730739421,170.7,23.140531768442916
10,342,0.3,1,0.7,51.55,20.757940776077906,181.25,25.27923008487819
10,342,0.3,1,1,46.5,10.128126547808389,187.25,17.035180316658014
10,342,0.5,0,0.1,57.6,17.4970674234585,182.45,20.153294101905395
10,342,0.5,0,0.3,53.3,21.6991389593907,178.25,27.322392975263657
10,342,0.5,0,0.5,50.95,14.117831203649406,182.1,21.70107928434121
10,342,0.5,0,0.7,54.05,16.194459741398894,189.3,23.131432249100722
10,342,0.5,0,1,46.5,10.128126547808389,187.25,17.035180316658014
10,342,0.5,0.3,0.1,95.4,50.174852161951456,177.85,23.928127029876258
10,342,0.5,0.3,0.3,70.55,21.112418395965815,185.05,18.471813520519365
10,342,0.5,0.3,0.5,51.95,17.464173854524372,174.3,24.99915788055354
10,342,0.5,0.3,0.7,56.6,32.97431217111124,184.9,30.024376061705876
10,342,0.5,0.3,1,46.5,10.128126547808389,187.25,17.035180316658014
10,342,0.5,0.5,0.1,97.25,68.4204301591118,176.05,26.527989191160263
10,342,0.5,0.5,0.3,70.1,21.633064361856146,185.25,18.133641315754016
10,342,0.5,0.5,0.5,57,26.815156750967304,177.15,30.199817008856545
10,342,0.5,0.5,0.7,55.9,28.45661517764228,185.8,29.03283078099507
10,342,0.5,0.5,1,46.5,10.128126547808389,187.25,17.035180316658014
10,342,0.5,0.7,0.1,86.75,47.04742847718448,170.95,22.834588261070785
10,342,0.5,0.7,0.3,69.35,24.279675277460928,181.6,20.957099035887577
10,342,0.5,0.7,0.5,51.9,19.15009962870882,174.05,25.889390226805062
10,342,0.5,0.7,0.7,57,32.94812509640603,186.15,29.935500839744034
10,342,0.5,0.7,1,46.5,10.128126547808389,187.25,17.035180316658014
10,342,0.5,1,0.1,94.9,67.19484629360389,171.5,24.63736998950984
10,342,0.5,1,0.3,71.5,38.742741255621034,180.75,23.648467180770936
10,342,0.5,1,0.5,69.4,44.39227054578901,183.95,36.50158612271095
10,342,0.5,1,0.7,52,19.928820706124135,183.3,25.805140246817004
10,342,0.5,1,1,46.5,10.128126547808389,187.25,17.035180316658014
10,342,0.7,0,0.1,57.6,17.4970674234585,182.45,20.153294101905395
10,342,0.7,0,0.3,53.3,21.6991389593907,178.25,27.322392975263657
10,342,0.7,0,0.5,50.95,14.117831203649406,182.1,21.70107928434121
10,342,0.7,0,0.7,54.05,16.194459741398894,189.3,23.131432249100722
10,342,0.7,0,1,46.5,10.128126547808389,187.25,17.035180316658014
10,342,0.7,0.3,0.1,84.25,39.53662525863968,175.15,21.465455724807807
10,342,0.7,0.3,0.3,64.35,22.295326392483435,178,21.89929102433275
10,342,0.7,0.3,0.5,60.65,28.700403444807822,182.1,33.162915242306745
10,342,0.7,0.3,0.7,54.9,23.70187645247568,186,28.545439307587436
10,342,0.7,0.3,1,46.5,10.128126547808389,187.25,17.035180316658014
10,342,0.7,0.5,0.1,75.4,40.26151355431401,169.25,20.60116246081376
10,342,0.7,0.5,0.3,63.4,19.516255033338638,180.95,21.804091841960112
10,342,0.7,0.5,0.5,59.65,31.48980620354533,180.15,32.13831129091227
10,342,0.7,0.5,0.7,57.35,26.200190838999628,188.2,30.238699498629586
10,342,0.7,0.5,1,46.5,10.128126547808389,187.25,17.035180316658014
10,342,0.7,0.7,0.1,84.95,41.73156699922166,174.25,22.932108035402425
10,342,0.7,0.7,0.3,66.75,19.851753203764094,182,20.670344890560894
10,342,0.7,0.7,0.5,58.55,27.448468464608943,180,30.48209137734552
10,342,0.7,0.7,0.7,55.15,24.214556300748217,186.25,28.06547795124072
10,342,0.7,0.7,1,46.5,10.128126547808389,187.25,17.035180316658014
10,342,0.7,1,0.1,99.9,85.08936478785112,171.95,25.85887814556866
10,342,0.7,1,0.3,57.85,12.066809633736753,172.9,17.873532328410544
10,342,0.7,1,0.5,59.95,31.5535885022357,178.15,31.074232005583696
10,342,0.7,1,0.7,55.25,21.486531889338934,187.15,26.254373069322334
10,342,0.7,1,1,46.5,10.128126547808389,187.25,17.035180316658014
10,342,1,0,0.1,50.3,12.917144869472796,186.1,22.780185295674467
10,342,1,0,0.3,50.9,14.337657446480982,183.7,24.033091221984126
10,342,1,0,0.5,45.9,16.098054802399346,178.55,24.61594476842409
10,342,1,0,0.7,55.55,16.693758682434833,193.55,24.437837358015994
10,342,1,0,1,46.5,10.128126547808389,187.25,17.035180316658014
10,342,1,0.3,0.1,59.3,22.5740885460346,175.95,23.047947733732002
10,342,1,0.3,0.3,53.55,13.6052427975008,178.2,21.303817300637633
10,342,1,0.3,0.5,57.05,17.77779513888041,185.55,21.714596109772025
10,342,1,0.3,0.7,53.7,18.93228932135172,185.5,27.49449705706676
10,342,1,0.3,1,46.5,10.128126547808389,187.25,17.035180316658014
10,342,1,0.5,0.1,56.7,17.985666807942255,174.9,20.710790475142737
10,342,1,0.5,0.3,61.65,24.632616374914058,183.1,26.694963057318116
10,342,1,0.5,0.5,53.05,16.03113746497898,182.65,20.91907968187994
10,342,1,0.5,0.7,53.45,17.058644976112628,186.1,24.137544461514285
10,342,1,0.5,1,46.5,10.128126547808389,187.25,17.035180316658014
10,342,1,0.7,0.1,59.2,22.357384274081515,177.3,20.49159005928761
10,342,1,0.7,0.3,51.3,13.247045350806186,172.55,19.465151046502513
10,342,1,0.7,0.5,59.5,31.64690057161165,183.2,26.99824555703379
10,342,1,0.7,0.7,59.75,26.461242760328787,190.65,29.608453629255777
10,342,1,0.7,1,46.5,10.128126547808389,187.25,17.035180316658014
10,342,1,1,0.1,58.45,17.11409083951461,177.9,20.738725535627914
10,342,1,1,0.3,55.35,24.478293284158173,174.5,25.901635794715848
10,342,1,1,0.5,51.2,12.94360236198807,180.9,20.78942038634074
10,342,1,1,0.7,51,15.623868380074594,183.55,24.051425168409022
10,342,1,1,1,46.5,10.128126547808389,187.25,17.035180316658014
12,506,0,0,0.1,52.55,16.493938280471404,288.1,37.28256259545755
12,506,0,0,0.3,47.45,17.898765026495102,274.05,34.41308655607325
12,506,0,0,0.5,49.95,24.051425168409022,276.1,40.45647433711289
12,506,0,0,0.7,53.3,18.456492225316214,284.2,37.84956371854516
12,506,0,0,1,52.9,17.444347599090506,286.5,35.75427836011561
12,506,0,0.3,0.1,52.55,16.493938280471404,288.1,37.28256259545755
12,506,0,0.3,0.3,47.45,17.898765026495102,274.05,34.41308655607325
12,506,0,0.3,0.5,49.95,24.051425168409022,276.1,40.45647433711289
12,506,0,0.3,0.7,53.3,18.456492225316214,284.2,37.84956371854516
12,506,0,0.3,1,52.9,17.444347599090506,286.5,35.75427836011561
12,506,0,0.5,0.1,52.55,16.493938280471404,288.1,37.28256259545755
12,506,0,0.5,0.3,47.45,17.898765026495102,274.05,34.41308655607325
12,506,0,0.5,0.5,49.95,24.051425168409022,276.1,40.45647433711289
12,506,0,0.5,0.7,53.3,18.456492225316214,284.2,37.84956371854516
12,506,0,0.5,1,52.9,17.444347599090506,286.5,35.75427836011561
12,506,0,0.7,0.1,52.55,16.493938280471404,288.1,37.28256259545755
12,506,0,0.7,0.3,47.45,17.898765026495102,274.05,34.41308655607325
12,506,0,0.7,0.5,49.95,24.051425168409022,276.1,40.45647433711289
12,506,0,0.7,0.7,53.3,18.456492225316214,284.2,37.84956371854516
12,506,0,0.7,1,52.9,17.444347599090506,286.5,35.75427836011561
12,506,0,1,0.1,52.55,16.493938280471404,288.1,37.28256259545755
12,506,0,1,0.3,47.45,17.898765026495102,274.05,34.41308655607325
12,506,0,1,0.5,49.95,24.051425168409022,276.1,40.45647433711289
12,506,0,1,0.7,53.3,18.456492225316214,284.2,37.84956371854516
12,506,0,1,1,52.9,17.444347599090506,286.5,35.75427836011561
12,506,0.3,0,0.1,66.45,29.0271651352569,282.85,43.49745909094485
12,506,0.3,0,0.3,54.2,16.984822946569558,269,33.78414452154489
12,506,0.3,0,0.5,59.9,17.323242676880827,291.7,25.588031741832992
12,506,0.3,0,0.7,47,11.304400633567909,267.3,31.246220824116854
12,506,0.3,0,1,52.9,17.444347599090506,286.5,35.75427836011561
12,506,0.3,0.3,0.1,74.55,34.40237904870136,247.35,25.945844409177806
12,506,0.3,0.3,0.3,69.9,38.27174304613619,263.4,38.805045792362726
12,506,0.3,0.3,0.5,52.5,17.32810312454127,255.55,34.69335595425183
12,506,0.3,0.3,0.7,53.65,20.863655127114182,270.15,41.47196262790714
12,506,0.3,0.3,1,52.9,17.444347599090506,286.5,35.75427836011561
12,506,0.3,0.5,0.1,83.65,48.10982501691203,250.55,31.641869330632826
12,506,0.3,0.5,0.3,59.5,19.190183894239702,256.5,28.819766608500164
12,506,0.3,0.5,0.5,54.55,20.1219309526486,258.65,37.75722308031725
12,506,0.3,0.5,0.7,53.65,20.863655127114182,270.15,41.47196262790714
12,506,0.3,0.5,1,52.9,17.444347599090506,286.5,35.75427836011561
12,506,0.3,0.7,0.1,84.9,48.97356967095404,250.65,29.032241605352812
12,506,0.3,0.7,0.3,66.55,40.147720653658666,259.1,32.63175721513275
12,506,0.3,0.7,0.5,56.55,24.73538909506399,258.85,37.54194145780227
12,506,0.3,0.7,0.7,53.45,20.200247523235948,270.15,41.658100873912296
12,506,0.3,0.7,1,52.9,17.444347599090506,286.5,35.75427836011561
12,506,0.3,1,0.1,90.25,45.81527554958292,254.45,29.754212439497316
12,506,0.3,1,0.3,69.35,39.715136979030525,263.15,34.827809517531726
12,506,0.3,1,0.5,52.6,16.57010624747565,256.5,34.4620309753701
12,506,0.3,1,0.7,56.55,25.113374503387004,273.15,46.07462482355748
12,506,0.3,1,1,52.9,17.444347599090506,286.5,35.75427836011561
12,506,0.5,0,0.1,66.45,29.0271651352569,282.85,43.49745909094485
12,506,0.5,0,0.3,54.2,16.984822946569558,269,33.78414452154489
12,506,0.5,0,0.5,59.9,17.323242676880827,291.7,25.588031741832992
12,506,0.5,0,0.7,47,11.304400633567909,267.3,31.246220824116854
12,506,0.5,0,1,52.9,17.444347599090506,286.5,35.75427836011561
12,506,0.5,0.3,0.1,78.5,35.84689665786984,253.55,29.865443858113096
12,506,0.5,0.3,0.3,80.55,43.35468772080386,273.9,47.86922976082587
12,506,0.5,0.3,0.5,57.05,23.070772122228362,262.8,38.59451829088249
12,506,0.5,0.3,0.7,53.2,20.1536205445233,270.25,42.667471894813936
12,506,0.5,0.3,1,52.9,17.444347599090506,286.5,35.75427836011561
12,506,0.5,0.5,0.1,78.05,42.2355238357974,247.2,33.59605239968091
12,506,0.5,0.5,0.3,77.4,34.711442069241606,275.5,36.579401738942465
12,506,0.5,0.5,0.5,57.85,30.463567541711544,262.25,42.20361047164218
12,506,0.5,0.5,0.7,52.75,19.226831580673373,269.35,41.3104740127476
12,506,0.5,0.5,1,52.9,17.444347599090506,286.5,35.75427836011561
12,506,0.5,0.7,0.1,74.75,39.47134203577658,244.05,27.942563270130805
12,506,0.5,0.7,0.3,67.2,24.325858020243658,268,34.74114805847747
12,506,0.5,0.7,0.5,51.65,20.95929639236866,253.95,35.67023674541121
12,506,0.5,0.7,0.7,52.8,19.32165406453272,269.6,41.62160370212616
12,506,0.5,0.7,1,52.9,17.444347599090506,286.5,35.75427836011561
12,506,0.5,1,0.1,106,108.1616723632778,258.2,32.48740646692759
12,506,0.5,1,0.3,59.4,21.25880622483923,255.35,30.858377690413516
12,506,0.5,1,0.5,56.05,28.26281730658257,259.3,41.14429038856968
12,506,0.5,1,0.7,53.7,20.375682100303578,271.85,40.9226163180678
12,506,0.5,1,1,52.9,17.444347599090506,286.5,35.75427836011561
12,506,0.7,0,0.1,66.45,29.0271651352569,282.85,43.49745909094485
12,506,0.7,0,0.3,54.2,16.984822946569558,269,33.78414452154489
12,506,0.7,0,0.5,59.9,17.323242676880827,291.7,25.588031741832992
12,506,0.7,0,0.7,47,11.304400633567909,267.3,31.246220824116854
12,506,0.7,0,1,52.9,17.444347599090506,286.5,35.75427836011561
12,506,0.7,0.3,0.1,80.5,31.668513334889994,257.2,28.184728974542598
12,506,0.7,0.3,0.3,58.45,19.16816165031565,257.2,33.187822750933336
12,506,0.7,0.3,0.5,53.2,14.511701267742888,261.7,31.467778005947274
12,506,0.7,0.3,0.7,49.95,14.805671032980642,264.65,35.20208576356326
12,506,0.7,0.3,1,52.9,17.444347599090506,286.5,35.75427836011561
12,506,0.7,0.5,0.1,86.8,38.74287710425995,259.35,30.781530689342713
12,506,0.7,0.5,0.3,62.75,21.963785983678726,263.5,36.342667399135834
12,506,0.7,0.5,0.5,60.05,26.326842415659105,269.45,44.88051388203782
12,506,0.7,0.5,0.7,52.3,19.722015483637623,268.9,39.6615948401367
12,506,0.7,0.5,1,52.9,17.444347599090506,286.5,35.75427836011561
12,506,0.7,0.7,0.1,74.3,27.650259349692604,250.45,27.15157260154266
12,506,0.7,0.7,0.3,65.7,22.501695842524263,268.95,33.997639236926595
12,506,0.7,0.7,0.5,51.45,16.36901758940057,258.85,33.17779060567
12,506,0.7,0.7,0.7,55.65,24.604824088398857,273.25,44.64582847254601
12,506,0.7,0.7,1,52.9,17.444347599090506,286.5,35.75427836011561
12,506,0.7,1,0.1,83.6,34.68717342188608,257,25.935141776118527
12,506,0.7,1,0.3,63.05,21.808918986699478,260.3,28.316073174082593
12,506,0.7,1,0.5,66.35,47.04451978823106,269.7,48.24618883230161
12,506,0.7,1,0.7,51.6,15.510268245669756,269.7,37.25601329068624
12,506,0.7,1,1,52.9,17.444347599090506,286.5,35.75427836011561
12,506,1,0,0.1,54.7,22.755219181541626,275,42.62690032806687
12,506,1,0,0.3,49.4,16.91277934767547,270.2,32.31359498806395
12,506,1,0,0.5,51.9,12.375272458457333,281.3,32.021538803880446
12,506,1,0,0.7,47.2,15.063374892695684,271.2,35.302601663482626
12,506,1,0,1,52.9,17.444347599090506,286.5,35.75427836011561
12,506,1,0.3,0.1,66.1,26.540733341710617,272.95,35.65400250654675
12,506,1,0.3,0.3,59.7,20.331722685705238,272.8,31.77817854407246
12,506,1,0.3,0.5,52.45,13.10072316204037,271.8,29.706635799536706
12,506,1,0.3,0.7,59.7,23.213199511892956,290.15,45.104877785002365
12,506,1,0.3,1,52.9,17.444347599090506,286.5,35.75427836011561
12,506,1,0.5,0.1,72.4,45.75955465370334,273.65,39.06307315368987
12,506,1,0.5,0.3,64,38.781438859330635,273.2,36.37899914713664
12,506,1,0.5,0.5,57.6,20.571825392998065,277.1,37.45579851111525
12,506,1,0.5,0.7,53.1,13.552626469084371,280.15,36.665306992334116
12,506,1,0.5,1,52.9,17.444347599090506,286.5,35.75427836011561
12,506,1,0.7,0.1,66.1,39.125842852868594,267.7,33.654748628732285
12,506,1,0.7,0.3,64.1,23.076303635411026,276.6,34.65377628089493
12,506,1,0.7,0.5,56.85,23.749293618304126,274.5,37.42430957771193
12,506,1,0.7,0.7,53.45,16.66851744109867,277.6,39.07671267755529
12,506,1,0.7,1,52.9,17.444347599090506,286.5,35.75427836011561
12,506,1,1,0.1,56.75,14.293447155215825,261.65,22.61176917587737
12,506,1,1,0.3,60.15,30.713060825374566,265.95,38.52336953071473
12,506,1,1,0.5,58.85,18.13770425906966,281.65,30.163196466101393
12,506,1,1,0.7,43.95,7.823547452201086,260.35,22.069924760799896
12,506,1,1,1,52.9,17.444347599090506,286.5,35.75427836011561
14,702,0,0,0.1,52.75,15.324129579471098,402.05,49.065450380615395
14,702,0,0,0.3,51.65,15.832262198302221,395.9,45.22214175891228
14,702,0,0,0.5,54.2,12.639120555681579,408.2,38.20801789649585
14,702,0,0,0.7,54.2,15.042396225685797,405.45,40.493631728042324
14,702,0,0,1,53.7,17.472082995754292,399.6,45.390005855683114
14,702,0,0.3,0.1,52.75,15.324129579471098,402.05,49.065450380615395
14,702,0,0.3,0.3,51.65,15.832262198302221,395.9,45.22214175891228
14,702,0,0.3,0.5,54.2,12.639120555681579,408.2,38.20801789649585
14,702,0,0.3,0.7,54.2,15.042396225685797,405.45,40.493631728042324
14,702,0,0.3,1,53.7,17.472082995754292,399.6,45.390005855683114
14,702,0,0.5,0.1,52.75,15.324129579471098,402.05,49.065450380615395
14,702,0,0.5,0.3,51.65,15.832262198302221,395.9,45.22214175891228
14,702,0,0.5,0.5,54.2,12.639120555681579,408.2,38.20801789649585
14,702,0,0.5,0.7,54.2,15.042396225685797,405.45,40.493631728042324
14,702,0,0.5,1,53.7,17.472082995754292,399.6,45.390005855683114
14,702,0,0.7,0.1,52.75,15.324129579471098,402.05,49.065450380615395
14,702,0,0.7,0.3,51.65,15.832262198302221,395.9,45.22214175891228
14,702,0,0.7,0.5,54.2,12.639120555681579,408.2,38.20801789649585
14,702,0,0.7,0.7,54.2,15.042396225685797,405.45,40.493631728042324
14,702,0,0.7,1,53.7,17.472082995754292,399.6,45.390005855683114
14,702,0,1,0.1,52.75,15.324129579471098,402.05,49.065450380615395
14,702,0,1,0.3,51.65,15.832262198302221,395.9,45.22214175891228
14,702,0,1,0.5,54.2,12.639120555681579,408.2,38.20801789649585
14,702,0,1,0.7,54.2,15.042396225685797,405.45,40.493631728042324
14,702,0,1,1,53.7,17.472082995754292,399.6,45.390005855683114
14,702,0.3,0,0.1,56.3,12.620367831823536,377.8,37.44553940127758
14,702,0.3,0,0.3,48.6,10.002105041597888,360.85,30.568774918206977
14,702,0.3,0,0.5,50.35,12.683495284486014,372.45,43.985015391009796
14,702,0.3,0,0.7,52.05,13.628433898519514,385.6,43.438280473866776
14,702,0.3,0,1,53.7,17.472082995754292,399.6,45.390005855683114
14,702,0.3,0.3,0.1,110.15,75.00194734314009,372.1,47.11341299683697
14,702,0.3,0.3,0.3,65.45,34.189064117977225,362.85,46.28319576829495
14,702,0.3,0.3,0.5,73.85,26.65624248010013,404.65,50.17786784083827
14,702,0.3,0.3,0.7,54.8,7.695521595810056,391.05,23.97032156207909
14,702,0.3,0.3,1,53.7,17.472082995754292,399.6,45.390005855683114
14,702,0.3,0.5,0.1,96.6,48.35003946006118,366,37.4742016522525
14,702,0.3,0.5,0.3,64.3,31.033258899038252,362.2,44.97671912398563
14,702,0.3,0.5,0.5,79.9,48.235060408706644,406.6,52.13585492174318
14,702,0.3,0.5,0.7,55.4,8.394233609730959,392.9,26.251616491581096
14,702,0.3,0.5,1,53.7,17.472082995754292,399.6,45.390005855683114
14,702,0.3,0.7,0.1,106.55,79.3410194566534,364.25,50.9084575746661
14,702,0.3,0.7,0.3,69.9,31.191935529961317,371.95,42.11572402946809
14,702,0.3,0.7,0.5,76.9,39.704036650141624,404.35,49.09311775113
14,702,0.3,0.7,0.7,56.7,11.3141736912507,394.5,30.959226156519584
14,702,0.3,0.7,1,53.7,17.472082995754292,399.6,45.390005855683114
14,702,0.3,1,0.1,103.85,79.23534232704627,357.2,47.736778274198606
14,702,0.3,1,0.3,66.5,23.232237130876207,369.45,34.66148324946051
14,702,0.3,1,0.5,64,27.051607598887916,385.05,43.44564056623548
14,702,0.3,1,0.7,56.15,12.031865585755362,391.95,33.284222593958994
14,702,0.3,1,1,53.7,17.472082995754292,399.6,45.390005855683114
14,702,0.5,0,0.1,56.3,12.620367831823536,377.8,37.44553940127758
14,702,0.5,0,0.3,48.6,10.002105041597888,360.85,30.568774918206977
14,702,0.5,0,0.5,50.35,12.683495284486014,372.45,43.985015391009796
14,702,0.5,0,0.7,52.05,13.628433898519514,385.6,43.438280473866776
14,702,0.5,0,1,53.7,17.472082995754292,399.6,45.390005855683114
14,702,0.5,0.3,0.1,85.1,42.89019026598776,354.4,46.732610050212934
14,702,0.5,0.3,0.3,65.85,21.507097971551037,370.55,42.948531008516156
14,702,0.5,0.3,0.5,71,27.07300072805105,400.9,49.11200946493852
14,702,0.5,0.3,0.7,57.95,15.062938135143419,396.7,33.29311608947664
14,702,0.5,0.3,1,53.7,17.472082995754292,399.6,45.390005855683114
14,702,0.5,0.5,0.1,101.8,55.0354909413725,369.7,53.814593990067316
14,702,0.5,0.5,0.3,72.15,28.069978343606294,379.35,45.70762345720091
14,702,0.5,0.5,0.5,65.4,27.452159343694237,388.4,47.6891248774702
14,702,0.5,0.5,0.7,57,16.06893046583342,392.35,35.88618705090625
14,702,0.5,0.5,1,53.7,17.472082995754292,399.6,45.390005855683114
14,702,0.5,0.7,0.1,84.7,38.31874627110696,352.9,47.31629295440809
14,702,0.5,0.7,0.3,61.05,21.673352544687585,359.95,33.531564077353806
14,702,0.5,0.7,0.5,63.5,20.024984394500787,387.85,44.97867915965706
14,702,0.5,0.7,0.7,57.35,14.019816801866376,394.8,35.90279273699735
14,702,0.5,0.7,1,53.7,17.472082995754292,399.6,45.390005855683114
14,702,0.5,1,0.1,75.7,37.037818510274064,342.15,39.58771074595326
14,702,0.5,1,0.3,60.3,12.503052258927564,364.75,26.094716141899607
14,702,0.5,1,0.5,57.55,12.90644473855886,379.7,33.40359262115379
14,702,0.5,1,0.7,54.4,9.901621345171602,389.5,30.222856460493258
14,702,0.5,1,1,53.7,17.472082995754292,399.6,45.390005855683114
14,702,0.7,0,0.1,56.3,12.620367831823536,377.8,37.44553940127758
14,702,0.7,0,0.3,48.6,10.002105041597888,360.85,30.568774918206977
14,702,0.7,0,0.5,50.35,12.683495284486014,372.45,43.985015391009796
14,702,0.7,0,0.7,52.05,13.628433898519514,385.6,43.438280473866776
14,702,0.7,0,1,53.7,17.472082995754292,399.6,45.390005855683114
14,702,0.7,0.3,0.1,73.3,43.98217342227836,340.6,46.30266560474961
14,702,0.7,0.3,0.3,76.9,31.867984264032636,389.1,48.03058236275366
14,702,0.7,0.3,0.5,57,16.568835679958738,377.4,36.050257317134076
14,702,0.7,0.3,0.7,57.3,14.64348247335204,395,35.950258032892876
14,702,0.7,0.3,1,53.7,17.472082995754292,399.6,45.390005855683114
14,702,0.7,0.5,0.1,89.8,60.049628597826,359.55,54.71406535223298
14,702,0.7,0.5,0.3,71.1,25.34374209066007,378,43.389302586552006
14,702,0.7,0.5,0.5,58.9,16.27688060118594,383.1,35.31497371400767
14,702,0.7,0.5,0.7,55.75,11.442648754825772,392.2,32.72468889321784
14,702,0.7,0.5,1,53.7,17.472082995754292,399.6,45.390005855683114
14,702,0.7,0.7,0.1,78,21.50152993332531,354,34.51925473367612
14,702,0.7,0.7,0.3,70.25,24.761759566761512,378.85,46.146534339849914
14,702,0.7,0.7,0.5,65.4,22.19625383280986,392.45,46.32547895057319
14,702,0.7,0.7,0.7,56.4,16.71242840397214,391.6,40.254976809019986
14,702,0.7,0.7,1,53.7,17.472082995754292,399.6,45.390005855683114
14,702,0.7,1,0.1,101.5,96.9430109312737,355.95,42.77416214688981
14,702,0.7,1,0.3,67.55,31.873888009499332,370.8,43.97918167784198
14,702,0.7,1,0.5,60.8,18.417954626710834,383,37.91264196877648
14,702,0.7,1,0.7,52.05,10.455293295490895,381.85,32.363519098223115
14,702,0.7,1,1,53.7,17.472082995754292,399.6,45.390005855683114
14,702,1,0,0.1,52.55,11.753946705591902,390.4,37.511261466952895
14,702,1,0,0.3,50.4,10.545141061171254,384.8,38.90420082851289
14,702,1,0,0.5,54.75,19.822568212174623,393.1,51.56590060556644
14,702,1,0,0.7,49.3,21.071557282645,377.3,52.66787695700193
14,702,1,0,1,53.7,17.472082995754292,399.6,45.390005855683114
14,702,1,0.3,0.1,61.5,27.288902699198367,368.55,40.04665042829819
14,702,1,0.3,0.3,68.8,32.258169100000245,396.55,55.948731230616744
14,702,1,0.3,0.5,50.35,9.799436074000434,369.1,34.95997711669732
14,702,1,0.3,0.7,53.2,14.214892116887023,388.2,41.44952542424023
14,702,1,0.3,1,53.7,17.472082995754292,399.6,45.390005855683114
14,702,1,0.5,0.1,57.6,17.980691398216443,363.95,37.758895780018726
14,702,1,0.5,0.3,51.35,13.243767153686017,362.9,43.31269414021957
14,702,1,0.5,0.5,57.05,17.7066000183696,384.5,48.905386636905995
14,702,1,0.5,0.7,50.15,10.484449637941246,382.1,32.48627240446097
14,702,1,0.5,1,53.7,17.472082995754292,399.6,45.390005855683114
14,702,1,0.7,0.1,63.1,38.811148696706915,368.45,47.18995767388606
14,702,1,0.7,0.3,54.6,19.20909872128858,367.65,53.60211602264656
14,702,1,0.7,0.5,57.1,17.75239049877657,385.3,46.51326918768789
14,702,1,0.7,0.7,54.4,13.816085209867367,392.8,43.140651240722875
14,702,1,0.7,1,53.7,17.472082995754292,399.6,45.390005855683114
14,702,1,1,0.1,54.35,15.083190364738734,355.75,35.21195221721409
14,702,1,1,0.3,58.45,15.672553951683211,379.25,32.093408078689045
14,702,1,1,0.5,64.3,31.481155599735168,391,57.51521537819362
14,702,1,1,0.7,52.3,12.490417379567004,388.8,35.2936553117293
14,702,1,1,1,53.7,17.472082995754292,399.6,45.390005855683114
16,930,0,0,0.1,51.05,11.023778127780254,533.1,49.947235316776776
16,930,0,0,0.3,46.2,7.688679306206249,508.95,45.33904440290312
16,930,0,0,0.5,53.45,16.037702289818267,530.85,70.76668484682978
16,930,0,0,0.7,55.55,17.033944439204173,537.7,66.02798449780293
16,930,0,0,1,62.3,17.88589564874778,567.05,59.14698461860659
16,930,0,0.3,0.1,51.05,11.023778127780254,533.1,49.947235316776776
16,930,0,0.3,0.3,46.2,7.688679306206249,508.95,45.33904440290312
16,930,0,0.3,0.5,53.45,16.037702289818267,530.85,70.76668484682978
16,930,0,0.3,0.7,55.55,17.033944439204173,537.7,66.02798449780293
16,930,0,0.3,1,62.3,17.88589564874778,567.05,59.14698461860659
16,930,0,0.5,0.1,51.05,11.023778127780254,533.1,49.947235316776776
16,930,0,0.5,0.3,46.2,7.688679306206249,508.95,45.33904440290312
16,930,0,0.5,0.5,53.45,16.037702289818267,530.85,70.76668484682978
16,930,0,0.5,0.7,55.55,17.033944439204173,537.7,66.02798449780293
16,930,0,0.5,1,62.3,17.88589564874778,567.05,59.14698461860659
16,930,0,0.7,0.1,51.05,11.023778127780254,533.1,49.947235316776776
16,930,0,0.7,0.3,46.2,7.688679306206249,508.95,45.33904440290312
16,930,0,0.7,0.5,53.45,16.037702289818267,530.85,70.76668484682978
16,930,0,0.7,0.7,55.55,17.033944439204173,537.7,66.02798449780293
16,930,0,0.7,1,62.3,17.88589564874778,567.05,59.14698461860659
16,930,0,1,0.1,51.05,11.023778127780254,533.1,49.947235316776776
16,930,0,1,0.3,46.2,7.688679306206249,508.95,45.33904440290312
16,930,0,1,0.5,53.45,16.037702289818267,530.85,70.76668484682978
16,930,0,1,0.7,55.55,17.033944439204173,537.7,66.02798449780293
16,930,0,1,1,62.3,17.88589564874778,567.05,59.14698461860659
16,930,0.3,0,0.1,65,24.95680478873764,518.45,65.86787013248168
16,930,0.3,0,0.3,54.25,8.866702941490235,507.6,39.36522643948056
16,930,0.3,0,0.5,54.65,18.195647252773625,510.45,59.38941514764181
16,930,0.3,0,0.7,49.55,13.570381835375699,500.9,52.43733101722976
16,930,0.3,0,1,62.3,17.88589564874778,567.05,59.14698461860659
16,930,0.3,0.3,0.1,80.95,40.49623114367688,464.95,45.2495710942162
16,930,0.3,0.3,0.3,70.9,30.09091487301004,497.6,59.106861299104516
16,930,0.3,0.3,0.5,60.65,17.290931605598168,503,55.048304147118685
16,930,0.3,0.3,0.7,57.2,16.866659732333364,516.7,49.51671700706636
16,930,0.3,0.3,1,62.3,17.88589564874778,567.05,59.14698461860659
16,930,0.3,0.5,0.1,108.55,83.97836500833822,488.35,68.2374144941183
16,930,0.3,0.5,0.3,74.1,34.413736547458704,503.15,56.06507027787585
16,930,0.3,0.5,0.5,60.15,15.798983977991815,504.95,53.86481617022963
16,930,0.3,0.5,0.7,57.3,17.014235525768292,517.15,49.99713149666425
16,930,0.3,0.5,1,62.3,17.88589564874778,567.05,59.14698461860659
16,930,0.3,0.7,0.1,99.75,67.34035702467375,479.9,64.11002056497959
16,930,0.3,0.7,0.3,76.85,24.305674018090595,515.95,49.94573370959199
16,930,0.3,0.7,0.5,61.2,17.665309448032232,506.65,52.519946085674015
16,930,0.3,0.7,0.7,59.05,17.807375763400607,521.65,53.5598779527716
16,930,0.3,0.7,1,62.3,17.88589564874778,567.05,59.14698461860659
16,930,0.3,1,0.1,85.75,26.45527506845031,475.15,30.180640361522798
16,930,0.3,1,0.3,76.2,20.740501947943102,511.55,40.27337503664307
16,930,0.3,1,0.5,60.95,18.670198600697148,501.05,55.4374707025378
16,930,0.3,1,0.7,59.6,20.633136353678122,519.7,58.05088511950438
16,930,0.3,1,1,62.3,17.88589564874778,567.05,59.14698461860659
16,930,0.5,0,0.1,65,24.95680478873764,518.45,65.86787013248168
16,930,0.5,0,0.3,54.25,8.866702941490235,507.6,39.36522643948056
16,930,0.5,0,0.5,54.65,18.195647252773625,510.45,59.38941514764181
16,930,0.5,0,0.7,49.55,13.570381835375699,500.9,52.43733101722976
16,930,0.5,0,1,62.3,17.88589564874778,567.05,59.14698461860659
16,930,0.5,0.3,0.1,97.75,49.89976795642705,493.85,58.31789018636969
16,930,0.5,0.3,0.3,77.1,30.91907944432063,514.5,62.67333857726946
16,930,0.5,0.3,0.5,62.55,16.640075278169803,513.4,56.296583050464925
16,930,0.5,0.3,0.7,58.85,17.22689146287525,521.2,52.14514157113474
16,930,0.5,0.3,1,62.3,17.88589564874778,567.05,59.14698461860659
16,930,0.5,0.5,0.1,79.8,37.92596666359898,467.2,56.77063733267308
16,930,0.5,0.5,0.3,68.7,22.755219181541626,500.2,54.76226130427683
16,930,0.5,0.5,0.5,63.85,20.422575228099134,514,67.41310195940751
16,930,0.5,0.5,0.7,57.15,17.336529732270375,516.4,54.09484847542275
16,930,0.5,0.5,1,62.3,17.88589564874778,567.05,59.14698461860659
16,930,0.5,0.7,0.1,94.2,50.025888034938575,485.9,59.58002137771034
16,930,0.5,0.7,0.3,67.5,25.70582567598657,495.15,52.413613137287754
16,930,0.5,0.7,0.5,65.75,20.598607515532386,519.9,57.523359099632415
16,930,0.5,0.7,0.7,61,23.914320748081167,523.4,63.184275192320975
16,930,0.5,0.7,1,62.3,17.88589564874778,567.05,59.14698461860659
16,930,0.5,1,0.1,152.75,161.7001367053421,502.8,70.89176331043797
16,930,0.5,1,0.3,73.9,20.761553536842033,506.1,48.105038580611335
16,930,0.5,1,0.5,58.5,19.247692958132056,496.15,56.49431736676568
16,930,0.5,1,0.7,59.3,18.935069107485802,523.85,59.710067034488894
16,930,0.5,1,1,62.3,17.88589564874778,567.05,59.14698461860659
16,930,0.7,0,0.1,65,24.95680478873764,518.45,65.86787013248168
16,930,0.7,0,0.3,54.25,8.866702941490235,507.6,39.36522643948056
16,930,0.7,0,0.5,54.65,18.195647252773625,510.45,59.38941514764181
16,930,0.7,0,0.7,49.55,13.570381835375699,500.9,52.43733101722976
16,930,0.7,0,1,62.3,17.88589564874778,567.05,59.14698461860659
16,930,0.7,0.3,0.1,88.45,47.59972910139632,476.85,66.0679673956258
16,930,0.7,0.3,0.3,62.85,16.579235586467156,490.1,42.38159978103705
16,930,0.7,0.3,0.5,60,18.867962264113206,506.3,58.08895175323337
16,930,0.7,0.3,0.7,61,27.6576819061369,522.25,68.29801183821263
16,930,0.7,0.3,1,62.3,17.88589564874778,567.05,59.14698461860659
16,930,0.7,0.5,0.1,98.95,51.20698451537539,494.3,62.72169103520559
16,930,0.7,0.5,0.3,73.65,23.75372546958078,519.25,53.67041231344079
16,930,0.7,0.5,0.5,71.65,24.700894933712743,537.35,68.43612081042399
16,930,0.7,0.5,0.7,58.1,17.084619121488068,522.45,58.849920627769215
16,930,0.7,0.5,1,62.3,17.88589564874778,567.05,59.14698461860659
16,930,0.7,0.7,0.1,91.1,44.30266714081076,485.7,59.58814788547344
16,930,0.7,0.7,0.3,63.35,24.120912525288748,487.5,51.064974091321815
16,930,0.7,0.7,0.5,59.3,21.37164870619608,500.2,72.11292314287728
16,930,0.7,0.7,0.7,62.15,22.363680612240817,532.65,62.77468061500424
16,930,0.7,0.7,1,62.3,17.88589564874778,567.05,59.14698461860659
16,930,0.7,1,0.1,121.9,131.46778672879688,489.2,65.07210575483492
16,930,0.7,1,0.3,62.85,25.46054739561211,487.3,52.53780593659749
16,930,0.7,1,0.5,63.95,16.715813502567908,520.3,47.96830093652309
16,930,0.7,1,0.7,61.55,20.83891854957424,533.1,60.98653863547957
16,930,0.7,1,1,62.3,17.88589564874778,567.05,59.14698461860659
16,930,1,0,0.1,51,13.2664991614216,505.65,56.414140631209605
16,930,1,0,0.3,53.9,13.321529863147733,526.85,59.50698764806843
16,930,1,0,0.5,53,13.114877048604,522.45,58.61962577768464
16,930,1,0,0.7,50.05,8.41974496425859,516.4,39.73517598458972
16,930,1,0,1,62.3,17.88589564874778,567.05,59.14698461860659
16,930,1,0.3,0.1,66.95,25.288805511738317,506.4,70.26296471489312
16,930,1,0.3,0.3,51.75,9.215975831474157,488.1,32.87920475411712
16,930,1,0.3,0.5,64.45,26.176475980101717,529.95,60.3310821524379
16,930,1,0.3,0.7,54.35,11.06095551216554,518.5,47.280239557679685
16,930,1,0.3,1,62.3,17.88589564874778,567.05,59.14698461860659
16,930,1,0.5,0.1,63.5,23.794072680750602,495.95,65.32709198616162
16,930,1,0.5,0.3,61.55,18.557095394314388,513.95,52.95526910814248
16,930,1,0.5,0.5,58.2,17.975421816293608,518.9,47.81202227143515
16,930,1,0.5,0.7,54.35,11.122641677890051,521.1,46.5989609100325
16,930,1,0.5,1,62.3,17.88589564874778,567.05,59.14698461860659
16,930,1,0.7,0.1,67.1,27.54116536157619,502.35,72.23301111498013
16,930,1,0.7,0.3,63.75,26.33163996331969,517.1,58.315746722386
16,930,1,0.7,0.5,54.05,12.454020699314233,507,47.305279554022405
16,930,1,0.7,0.7,60.05,17.94281853115907,535.65,59.957243537637545
16,930,1,0.7,1,62.3,17.88589564874778,567.05,59.14698461860659
16,930,1,1,0.1,67.85,23.78251237226299,509.8,57.41593397032056
16,930,1,1,0.3,55.8,17.307132694506713,495.75,58.992305475063084
16,930,1,1,0.5,55.65,14.758672740210468,510.5,56.35554425627573
16,930,1,1,0.7,52.05,10.654749373426215,511.4,47.06814768307533
16,930,1,1,1,62.3,17.88589564874778,567.05,59.14698461860659
